{
  "mse": 0.004945675412736094,
  "mae": 0.03573016215823097,
  "n_samples": 177
}